title,company,location,link
Test Engineer,Emergent Dynamics,"New York, NY",https://stackoverflow.com/jobs?id=406830
SRE (Site Reliability Engineer),フリークアウトグループ,"Minato City, Japan",https://stackoverflow.com/jobs?id=356032
Senior Market Data Engineer (Commodity Trading),Axpo,"Madrid, Spain",https://stackoverflow.com/jobs?id=387880
Software Engineer,Axpo,"Madrid, Spain",https://stackoverflow.com/jobs?id=387879
Webアプリケーション開,株式会社言語サービス,"Yokohama, Japan",https://stackoverflow.com/jobs?id=377669
[スマホゲーム]サーバーサイド開発※急募,ワンダープラネット株式会社,"Nagoya, Japan",https://stackoverflow.com/jobs?id=377612
HPC Systems Programmer,DownUnder GeoSolutions Pty Ltd,"West Perth, Australia",https://stackoverflow.com/jobs?id=396029
PHP Developer,Mavens Infotech,"Indore, India",https://stackoverflow.com/jobs?id=406822
PHP Developer,Roxaiser Technology Pvt Ltd,"Indore, India",https://stackoverflow.com/jobs?id=406821
PHP Developer,Amsone Integration Service,"Indore, India",https://stackoverflow.com/jobs?id=406820
AI Developer ( 1 - 4 Years ),Teksun Microsys Pvt. Ltd.,"Ahmedabad, India",https://stackoverflow.com/jobs?id=406808
Senior Software Engineer/Technical Lead,Napier Healthcare Solutions Pte. Ltd.,"Hyderabad, India",https://stackoverflow.com/jobs?id=396773
BDT Data Engineering Manager,Amazon Dev Center India - Hyd,"Hyderabad, India",https://stackoverflow.com/jobs?id=396737
Sr. Technical Program Manager,Amazon Dev Center India - Hyd,"Hyderabad, India",https://stackoverflow.com/jobs?id=406804
AVP / VP / Director Engineering,Grid Logic Software Private Limited,"Hyderabad, India",https://stackoverflow.com/jobs?id=396732
Backend Lead Engineer,Huddl,"Hyderabad, India",https://stackoverflow.com/jobs?id=354704
Data Engineer - Business Data Technologies,Amazon Dev Center India - Hyd,"Hyderabad, India",https://stackoverflow.com/jobs?id=354669
Lead Data Scientist/Manager Data Scientist,CoreCompete,"Hyderabad, India",https://stackoverflow.com/jobs?id=396726
Search Relevance Engineer,freshworks,"Hyderabad, India",https://stackoverflow.com/jobs?id=354702
Programmer Analyst,ADCI HYD 13 SEZ,"Hyderabad, India",https://stackoverflow.com/jobs?id=396752
Senior Data Scientist,Karvy Analytics,"Hyderabad, India",https://stackoverflow.com/jobs?id=396717
Senior Data Scientist,TCPWave,"Hyderabad, India",https://stackoverflow.com/jobs?id=396716
Backend Engineer,Huddl,"Hyderabad, India",https://stackoverflow.com/jobs?id=354691
HPC Expert,DownUnder GeoSolutions Pty Ltd,"West Perth, Australia",https://stackoverflow.com/jobs?id=396027
Opportunity in Microsoft Advanced Analytics,ICS Consultancy Services,"Hyderabad, India",https://stackoverflow.com/jobs?id=354707
AI Engineer,Huddl,"Hyderabad, India",https://stackoverflow.com/jobs?id=396729
Data Scientist & Business Development,Grid Logic Software Private Limited,"Hyderabad, India",https://stackoverflow.com/jobs?id=354684
Data Scientist,ADCI HYD 13 SEZ,"Hyderabad, India",https://stackoverflow.com/jobs?id=370538
Senior Data Scientist,Evoke Technologies,"Hyderabad, India",https://stackoverflow.com/jobs?id=354708
Business Analyst II,ADCI HYD 13 SEZ,"Hyderabad, India",https://stackoverflow.com/jobs?id=406799
Senior Data Scientist,Cubic Corporation,"Hyderabad, India",https://stackoverflow.com/jobs?id=405057
Applied Scientist III,Amazon Dev Center India - Hyd,"Hyderabad, India",https://stackoverflow.com/jobs?id=399587
Manager Data Science,Reliance Jio Infocomm Limited,"Hyderabad, India",https://stackoverflow.com/jobs?id=399344
Data Scientist,Pactera Technologies India Private Limited,"Hyderabad, India",https://stackoverflow.com/jobs?id=396700
Jr.Data Scientist,Infogrex Technologies Private Limited,"Hyderabad, India",https://stackoverflow.com/jobs?id=396701
Urgent Opening Microsoft Advanced Analytics,ICS Consultancy Services,"Hyderabad, India",https://stackoverflow.com/jobs?id=343521
Software System Designer 2,"Advanced Micro Devices, Inc.","Hyderabad, India",https://stackoverflow.com/jobs?id=406798
Lead Data Scientist,Rivi Consultancy Services Private Limited,"Hyderabad, India",https://stackoverflow.com/jobs?id=405054
Apps Systems Engineer 4,WELLS FARGO BANK,"Hyderabad, India",https://stackoverflow.com/jobs?id=406797
Looking for Lead Data Scientist for Hyderabad Location,Anblicks,"Hyderabad, India",https://stackoverflow.com/jobs?id=396011
Data Scientist,ColorTokens,"Hyderabad, India",https://stackoverflow.com/jobs?id=401158
AI/ML engineers,albanero,"Hyderabad, India",https://stackoverflow.com/jobs?id=396015
Hiring Technical Lead - 3LOQ Labs Pvt.Ltd | Hyderabad,3LOQ Labs Pvt.Ltd,"Hyderabad, India",https://stackoverflow.com/jobs?id=406796
Flutter Developer,Significant Infotech,"Surat, India",https://stackoverflow.com/jobs?id=406782
Scientific Applications Developer,DownUnder GeoSolutions Pty Ltd,"West Perth, Australia",https://stackoverflow.com/jobs?id=396026
PHP Developer,A.A.P.S.ECOMMERCE WORLD PVT LTD,"Lucknow, India",https://stackoverflow.com/jobs?id=406778
Senior PHP Developer,ZoomRx Healthcare Technologies Pvt. Ltd,"Chennai, India",https://stackoverflow.com/jobs?id=406777
Systems Development Engineer,ADCI HYD 13 SEZ,"Hyderabad, India",https://stackoverflow.com/jobs?id=382044
DevOps Engineer,Hitachi Vantara,"Hyderabad, India",https://stackoverflow.com/jobs?id=406770
Senior Software QA Automation Engineer – SDK,PubMatic,"Pune, India",https://stackoverflow.com/jobs?id=406768
Application Developer,Institutional Shareholder Services Inc,"Mumbai, India",https://stackoverflow.com/jobs?id=387871
Sr QA Engineer,MVK Consultants,"Hyderabad, India",https://stackoverflow.com/jobs?id=396024
Computer Vision Team Lead,Einsite,"Hyderabad, India",https://stackoverflow.com/jobs?id=396023
Data Science-Python-SQL,Diverse Lynx India,"Hyderabad, India",https://stackoverflow.com/jobs?id=396019
Data Scientist- Hyderabad,Diverse Lynx India,"Hyderabad, India",https://stackoverflow.com/jobs?id=396014
Life Sciences Consultant,Solugenix Corp,"Hyderabad, India",https://stackoverflow.com/jobs?id=396013
"R & Python, Machine and Deep Learning Algorithms professional",AGUILASS,"Hyderabad, India",https://stackoverflow.com/jobs?id=396002
Artificial Intelligence and Machine Learning Specialist,"DUFF AND PHELPS, LLC","Hyderabad, India",https://stackoverflow.com/jobs?id=396001
Data Scientist Intern and Machine learning/AI,Sumicro Technologies private limited,"Hyderabad, India",https://stackoverflow.com/jobs?id=395997
Product Development Engineer – II (Full stack Developer),Phenom People,"Hyderabad, India",https://stackoverflow.com/jobs?id=395935
Engineer II- System Verification (Automation Testing Engineer),Shure Incorporated,"Hyderabad, India",https://stackoverflow.com/jobs?id=395932
Full Stack Developer,BondEvalue,"Hyderabad, India",https://stackoverflow.com/jobs?id=344784
Cleared Site Reliability Engineer - US Government,Palantir,"Washington, DC",https://stackoverflow.com/jobs?id=387826
Cleared Cloud Operations Engineer - US Government,Palantir,"Washington, DC",https://stackoverflow.com/jobs?id=387825
"Principal Engineer (Tech Lead), APAC",foodpanda,Singapore,https://stackoverflow.com/jobs?id=308651
Software Engineer,Palantir,"New York, NY",https://stackoverflow.com/jobs?id=387824
Software Engineer,Palantir,"Palo Alto, CA",https://stackoverflow.com/jobs?id=387823
【メンバー募集】Webプログラマー/インターネット/Webサービス・ASP,株式会社 コンビーズ,"Osaka, Japan",https://stackoverflow.com/jobs?id=402101
リモート可・インフラエンジニア(大阪),株式会社アクティブフュージョンズ,"Osaka, Japan",https://stackoverflow.com/jobs?id=406740
IT関連書籍・デザイン関連書籍　編集者,SBクリエイティブ株式会社,"Minato City, Japan",https://stackoverflow.com/jobs?id=340454
プリントオペレーション業務,株式会社ビーネックスソリューションズ,"Koto City, Japan",https://stackoverflow.com/jobs?id=406731
開発職,株式会社ウェブテクノロジ,"Shibuya City, Japan",https://stackoverflow.com/jobs?id=377483
シニアデータアナリスト,株式会社ユニクロ,"Shinagawa City, Japan",https://stackoverflow.com/jobs?id=361767
データサイエンティスト,株式会社アンドパッド,"Chiyoda City, Japan",https://stackoverflow.com/jobs?id=381622
CTO室メンバー職,type転職エージェント,"Chuo City, Japan",https://stackoverflow.com/jobs?id=346131
《東京》インフラエンジニア,株式会社ゆめみ,"Setagaya City, Japan",https://stackoverflow.com/jobs?id=343651
データアナリスト,株式会社アイレップ,"Oita, Japan",https://stackoverflow.com/jobs?id=310798
エンジニア(ジェネラル),日本タタ・コンサルタンシー・サービシズ株式会社,"Minato City, Japan",https://stackoverflow.com/jobs?id=318661
2名募集 即日スタート 交通費全額/VNF開発支援業務,株式会社エーティーエス,"Minato City, Japan",https://stackoverflow.com/jobs?id=395856
システムエンジニア デジタライゼーション推進(東新宿),株式会社ビーネックスソリューションズ,"Shinjuku City, Japan",https://stackoverflow.com/jobs?id=406728
データ分析・DataScientist,ランスタッド株式会社,"Koto City, Japan",https://stackoverflow.com/jobs?id=343311
編集,株式会社イマジカデジタルスケープ,"Minato City, Japan",https://stackoverflow.com/jobs?id=399089
ECサイトのフロント改修業務,株式会社ビーネックスソリューションズ,"Chiyoda City, Japan",https://stackoverflow.com/jobs?id=397202
製品開発・研究,LeapMind株式会社,"Shibuya City, Japan",https://stackoverflow.com/jobs?id=391572
データアナリスト / LINE NEWS,LINE株式会社,"Shinjuku City, Japan",https://stackoverflow.com/jobs?id=399845
プログラマ,株式会社ウィモーション,"Toshima City, Japan",https://stackoverflow.com/jobs?id=375899
DBRE,株式会社ビズリーチ,"Shibuya City, Japan",https://stackoverflow.com/jobs?id=340318
【アルバイト】エンジニア募集,株式会社エフェクチュアル,"Minato City, Japan",https://stackoverflow.com/jobs?id=406727
《フロントエンドエンジニア》/企画~実装まで/優秀なメンバー,ノイン株式会社,"Shinjuku City, Japan",https://stackoverflow.com/jobs?id=340434
BI/レポーティングエンジニア,株式会社ユニクロ,"Koto City, Japan",https://stackoverflow.com/jobs?id=344531
Tech Lead,エムスリー株式会社,"Minato City, Japan",https://stackoverflow.com/jobs?id=340162
[IoT] AWS Architect,日本タタ・コンサルタンシー・サービシズ株式会社,"Minato City, Japan",https://stackoverflow.com/jobs?id=387523
"AWS, GCP, Azure経験者 AI/データ分析基盤構築",株式会社エイアイ・フィールド(AIフィールド),"Shinagawa City, Japan",https://stackoverflow.com/jobs?id=406725
システムエンジニア,株式会社マリモ・グローバル・テクノロジー,"Chuo City, Japan",https://stackoverflow.com/jobs?id=387800
ゲームプログラマー,株式会社クリーチャーズ,"千代田区, Japan",https://stackoverflow.com/jobs?id=387794
プログラマ 渋谷,株式会社ASO,"Shibuya City, Japan",https://stackoverflow.com/jobs?id=395916
Webエンジニア,株式会社ベイストリーム,"Yokohama, Japan",https://stackoverflow.com/jobs?id=370355
サーバーエンジニア,NHN JAPAN株式会社,"Minato City, Japan",https://stackoverflow.com/jobs?id=406720
地図アプリのWebAPI開発,株式会社テクノウェイブ,"Fuchu, Japan",https://stackoverflow.com/jobs?id=406719
サーバーサイドエンジニア / キャラクターサービス開発/Gatebox,LINE株式会社,"Chiyoda City, Japan",https://stackoverflow.com/jobs?id=395886
"システム開発(Web・オープン系,汎用系)",パーソル パナソニック HRパートナーズ株式会社,"Nagoya, Japan",https://stackoverflow.com/jobs?id=406715
プログラマ 千代田区,株式会社ASO,"Chiyoda City, Japan",https://stackoverflow.com/jobs?id=395883
ゲーム開発者,株式会社プロサポート,"Nagoya, Japan",https://stackoverflow.com/jobs?id=406714
WEBプログラマ(PHP/Python/Java)伏見駅5分,株式会社ジャスウィル,"Nagoya, Japan",https://stackoverflow.com/jobs?id=379486
クラウドアプリケーション開発エンジニア,株式会社BeeX,"Chuo City, Japan",https://stackoverflow.com/jobs?id=395874
千葉駅(徒歩5分) 某連合会向けシステム開発(リプレイス),株式会社ビーネックスソリューションズ,"Chiba, Japan",https://stackoverflow.com/jobs?id=406712
システム設計開発運用(DWH担当者),住友重機械工業株式会社,"Chiba, Japan",https://stackoverflow.com/jobs?id=395868
ITエンジニア,株式会社H.R.M. 株式会社トップゲート,"Bunkyo City, Japan",https://stackoverflow.com/jobs?id=406709
PL・PM,株式会社H.R.M. 株式会社トップゲート,"Bunkyo City, Japan",https://stackoverflow.com/jobs?id=406708
システムエンジニア-SE・プログラマ-PG,株式会社ねこまた,"Chiyoda City, Japan",https://stackoverflow.com/jobs?id=406703
北鉄金沢駅|システムエンジニア及びプログラマー募集|アプリケーション設計(オープン WEB系),株式会社イーブ 取引先2,"金沢市, Japan",https://stackoverflow.com/jobs?id=406702
プログラマー,株式会社ワイズ,"Kanazawa, Japan",https://stackoverflow.com/jobs?id=406701
Javaエンジニア,株式会社ダイヤモンドファンタジー,"Chuo City, Japan",https://stackoverflow.com/jobs?id=318627
プログラマ,株式会社MIRACREW,"Chiyoda City, Japan",https://stackoverflow.com/jobs?id=395854
プログラマ,株式会社ウィモーション,"Toshima City, Japan",https://stackoverflow.com/jobs?id=391225
Full Stack Software Engineer,Palantir,"Seattle, WA",https://stackoverflow.com/jobs?id=387750
Full Stack Software Engineer,Palantir,"New York, NY",https://stackoverflow.com/jobs?id=387747
Forward Deployed Software Engineer,Palantir,"Tokyo, Japan",https://stackoverflow.com/jobs?id=387741
Forward Deployed Software Engineer,Palantir,"Tel Aviv-Yafo, Israel",https://stackoverflow.com/jobs?id=387740
Perlエンジニア、プログラマー,株式会社ビットストロングソリューションズ,"Minato City, Japan",https://stackoverflow.com/jobs?id=395792
Developer Tools Engineer,Palantir,"New York, NY",https://stackoverflow.com/jobs?id=387739
エンジニア(京都),株式会社Donuts,"Kyoto, Japan",https://stackoverflow.com/jobs?id=395790
業務系システム基本設計 (ソフト開発会社) Java,株式会社スタッフサービス,"Kitakyushu, Japan",https://stackoverflow.com/jobs?id=340232
Developer Tools Engineer,Palantir,"New York, NY",https://stackoverflow.com/jobs?id=387738
Developer Tools Engineer,Palantir,"London, UK",https://stackoverflow.com/jobs?id=387737
Internship - Junior Developer,Expesicor,United States,https://www.indeed.com/viewjob?jk=9631a03769041d15
Python Developer Intern,OXO Solutions,"Ruby, SC",https://www.indeed.com/viewjob?jk=84a541c104b5b24c
Data Scientist Entry Level - Pathrise Recruiting Partners,Pathrise,Remote,https://www.indeed.com/viewjob?jk=57125117d2b4b0f6
Student Intern,The Jackson Laboratory,Remote,https://www.indeed.com/viewjob?jk=ca6c3ae61febeb07
Sr. Python Developer,PROLIM Corporation,United States,https://www.indeed.com/viewjob?jk=01e816c71aa1b7d8
Python Developer,"Accolite, Inc.","San Francisco, CA",https://www.indeed.com/viewjob?jk=fba1d294996286c5
Entry Level Data Analyst,Hopjump,"Boston, MA",https://www.indeed.com/viewjob?jk=2532431132ffbda1
Junior Data Scientist - Pathrise Recruiting Partners,Pathrise,Remote,https://www.indeed.com/viewjob?jk=4fbc59d736aac3c6
Data Associate (State Coordinated Campaign),Democratic National Committee,Remote,https://www.indeed.com/viewjob?jk=ec602799572510d6
Junior Trader,Dexterity Capital,Remote,https://www.indeed.com/viewjob?jk=e1a750ccc83bd177
Data Analyst ( Python / R experience required ),Experian,United States,https://www.indeed.com/viewjob?jk=fa3b30feab6db94a
"MACHINE LEARNING ENGINEER - PYTHON, TENSORFLOW, #10647",InspiHER Tech,United States,https://www.indeed.com/viewjob?jk=a754b1fae51c41d2
Analytics Fellow (Remote) - Pantheon Analytics,Meso Solutions,Remote,https://www.indeed.com/viewjob?jk=37565caf555de5a4
Machine Learning Engineer Entry Level - Pathrise Recruiting Partners,Pathrise,Remote,https://www.indeed.com/viewjob?jk=dbd5f44b23485050
Junior Python Developer,GTS,"New York, NY",https://www.indeed.com/viewjob?jk=f8f068da6dd93fa6
Junior Programmer,Murphy Research,"Santa Monica, CA",https://www.indeed.com/viewjob?jk=d578170c516fe700
Python Developer,Stier Solutions,"Menlo Park, CA",https://www.indeed.com/viewjob?jk=1af40020baa8becf
GIS Analyst: Paid Internship (Fall 2020),Ballotpedia,Remote,https://www.indeed.com/viewjob?jk=5dbefab5b2860d50
Python developer,Ace-stack LLC,"Houston, TX",https://www.indeed.com/viewjob?jk=0c34c27b60a5c923
Penetration Testing Trainee (Remote USA),BreachLock,"Florida, NY",https://www.indeed.com/viewjob?jk=487b30db63184515
Data Analyst,Democratic National Committee,Remote,https://www.indeed.com/viewjob?jk=d99449e57b14d0a8
Data Associate (Coordinated Campaign),Democratic National Committee,Remote,https://www.indeed.com/viewjob?jk=88d65d8102b17105
Data Analyst (Coordinated Campaign),Democratic National Committee,Remote,https://www.indeed.com/viewjob?jk=a950b3f51924cd74
"Financial Analyst, Americas Customer Service",Amazon.com Services LLC,Remote,https://www.indeed.com/viewjob?jk=adc8162797f38f34
Test Software Developer (Python),Averna,"Sunnyvale, CA",https://www.indeed.com/viewjob?jk=ce92fc2d367035d4
Software Engineer - Python,Akamai,"Santa Clara, CA",https://www.indeed.com/viewjob?jk=4c46728edcdbd36b
Consulting Professors,Saylor Academy,Remote,https://www.indeed.com/viewjob?jk=edb0eb6a7ba31772
Python developer,MiaRec,"San Jose, CA",https://www.indeed.com/viewjob?jk=a9d348a3be3717e4
Python Developer,RiVi Consulting Group,"Alpharetta, GA",https://www.indeed.com/viewjob?jk=5575fce04f13fb39
Quantitative Trader - Entry Level,Avatar Securities,"Chicago, IL",https://www.indeed.com/viewjob?jk=d01efa8dad29efdc
GIS Technician (Contract),Orbital Insight,United States,https://www.indeed.com/viewjob?jk=3e307741d1c78aec
Jr. Python Developer,Q2ebanking,"Austin, TX",https://www.indeed.com/viewjob?jk=8446e0c1cb5c66cb
Python Developer,Highbrow Technologies,"Bellevue, WA",https://www.indeed.com/viewjob?jk=70912d7ae92ee088
Production Engineer,Waystar,Remote,https://www.indeed.com/viewjob?jk=6503da8b592c7a21
"Engineering, Intern",Plex,United States,https://www.indeed.com/viewjob?jk=71c334606b7555bb
"PYTHON SOFTWARE ENGINEER-DEEP LEARNING, #10648",InspiHER Tech,United States,https://www.indeed.com/viewjob?jk=3dd6c509667887e7
Support,RStudio,United States,https://www.indeed.com/viewjob?jk=2c26339484d5141f
2020,Chicago Transit Authority,"Chicago, IL",https://www.indeed.com/viewjob?jk=81ea96087aefb88b
PYTHON DEVELOPER,Pythonwise,"Seattle, WA",https://www.indeed.com/viewjob?jk=1a20a1c56fb7df73
"Intern, Research",Fred Hutchinson Cancer Research Center,"Seattle, WA",https://www.indeed.com/viewjob?jk=b371b32de9a2af3f
Python Developer,Sara Technologies,United States,https://www.indeed.com/viewjob?jk=07cc59a85ae4d228
Python developer,VAUXOO,"Colima, GA",https://www.indeed.com/viewjob?jk=f7669fcbd77ecd11
Python Developer,Callsign Media,"Las Vegas, NV",https://www.indeed.com/viewjob?jk=345e22ca6e583be5
Remote Operations Control Center (ROCC) Operator,Apex Clean Energy,"Charlottesville, VA",https://www.indeed.com/viewjob?jk=591245514306b5c0
Full Time Opportunities for Students or Recent Graduates: Data & Applied Sciences,Microsoft,"Redmond, WA",https://www.indeed.com/viewjob?jk=11baba484db23433
Python Developer,Indus Group,United States,https://www.indeed.com/viewjob?jk=67008ecde32d356f
Metabolomics Scientist I,Bayer,California,https://www.indeed.com/viewjob?jk=1808420ff1f064fa
Python compiler development and infrastructure intern,Intel,"Austin, TX",https://www.indeed.com/viewjob?jk=cd061e8f37089461
Front-End Developer Internship/Part Time,Ops Tech Alliance,Remote,https://www.indeed.com/viewjob?jk=e4ea5ffa3c21aa34
Data Analyst (State Coordinated Campaign),Democratic National Committee,Remote,https://www.indeed.com/viewjob?jk=8c84a472e611905d
Data Analyst (State Coordinated Campaign),Democratic National Committee,Remote,https://www.indeed.com/viewjob?jk=8c84a472e611905d
Senior Python Developer,OMBU,"Portland, OR",https://www.indeed.com/viewjob?jk=d13b06d1113de40c
Metabolomics Scientist I,Bayer,California,https://www.indeed.com/viewjob?jk=1808420ff1f064fa
Python & JavaScript Developer,"Media Storm, LLC","New York, NY",https://www.indeed.com/viewjob?jk=3d07c7b81d80f7cc
Remote Operations Control Center (ROCC) Operator,Apex Clean Energy,"Charlottesville, VA",https://www.indeed.com/viewjob?jk=591245514306b5c0
Entry Level Controls and Software Engineer,General Motors,"Warren, MI",https://www.indeed.com/viewjob?jk=cc3363840dd6c69f
Coastal Scientist,Lynker Technologies LLC,"Tuscaloosa, AL",https://www.indeed.com/viewjob?jk=754f7f418db18552
Python Developer,Indus Group,United States,https://www.indeed.com/viewjob?jk=67008ecde32d356f
Canonical Stable Kernel Engineer,Canonical,Colorado,https://www.indeed.com/viewjob?jk=e4057a31e078df37
Software Engineer,Democratic National Committee,Remote,https://www.indeed.com/viewjob?jk=4f9ea9d29e57a0a4
Software Engineer - Python/Django (Remote),drchrono,Remote,https://www.indeed.com/viewjob?jk=c1ec2e8c70f040ba
Linux and Windows Administrator,Teramind,Remote,https://www.indeed.com/viewjob?jk=f6b67373b2a38da2
Laboratory Manager,UCLA,"Los Angeles, CA",https://www.indeed.com/viewjob?jk=0f0c32c43d5296e7
Junior Software Engineer,FT Optimize,"Half Moon Bay, CA",https://www.indeed.com/viewjob?jk=77c167d55a282b3c
Software Engineer Intern - Chicago,XR Trading LLC,"Chicago, IL",https://www.indeed.com/viewjob?jk=3698bd3099dec519
Data Engineer Summer Internship (REMOTE),Vee Search,New York State,https://www.indeed.com/viewjob?jk=230b869a1ae6f0d9
Research Analyst,Institute of Int'l FInance,"Washington, DC",https://www.indeed.com/viewjob?jk=16fb18ffae2c645b
"Data Engg Developers ( PYTHON, SQL)",Ace-stack LLC,California,https://www.indeed.com/viewjob?jk=3aa969679f3b47e6
Application Engineer,Cobalt Robotics,Remote,https://www.indeed.com/viewjob?jk=11e859f3b0d249cc
Python Developer,Iconic Technology Group,"Portland, ME",https://www.indeed.com/viewjob?jk=00a9b425056ecd25
Disaster Impact Researcher,One Concern,"Menlo Park, CA",https://www.indeed.com/viewjob?jk=71a580b4471d4fdf
Jr. QA Analyst Trainee,SQA²,"Los Alamitos, CA",https://www.indeed.com/viewjob?jk=55e6befe717828af
"Software Engineer, Data - Schoolzilla (REMOTE, US)",Renaissance,"Plover, WI",https://www.indeed.com/viewjob?jk=1cf0463d254f1e3f
Software Tester,Aquaveo,"Provo, UT",https://www.indeed.com/viewjob?jk=6bfc6a962d197eed
Junior Software Engineer,CompostNow,"Raleigh, NC",https://www.indeed.com/viewjob?jk=ea1bcbf6a51a39d9
Developer III (Python),Technology Ventures,"Washington, DC",https://www.indeed.com/viewjob?jk=d8e3da5d44693093
"Research Assistant, Public Affairs",Federal Reserve Bank of Minneapolis,"Minneapolis, MN",https://www.indeed.com/viewjob?jk=e11b56aee183b488
Software Developer - Python & Django,Anders Innovations,"Baltimore, MD",https://www.indeed.com/viewjob?jk=057e46a143a2565f
Python Engineer,Emsi,"Moscow, ID",https://www.indeed.com/viewjob?jk=363ecb6e97aacb1a
Alternative Data Research Analyst,Yewno,"New York, NY",https://www.indeed.com/viewjob?jk=cf4a3b205d7defc3
Python Developer,Haneke Design,"Tampa, FL",https://www.indeed.com/viewjob?jk=542b21736b6bca61
Jr Python Developer,Global Data Management Inc,"Woodbridge, NJ",https://www.indeed.com/viewjob?jk=24185ea11dee3248
SOFTWARE ENGINEER (ENTRY-LEVEL),Bongo,"Loveland, CO",https://www.indeed.com/viewjob?jk=a0cff02a018273c8
Entry Level - Software Developer,Smoothstack Inc,"Fairfax, VA",https://www.indeed.com/viewjob?jk=e49f6527e777a4a3
Content Creator,LeetCode,Remote,https://www.indeed.com/viewjob?jk=e94af63cb41ad9b5
Python Developer,General Dynamics Information Technology,North Carolina,https://www.indeed.com/viewjob?jk=9e74d7793cebc306
Entry Level Software Engineer,Instrumental Software Technologies,"Saratoga Springs, NY",https://www.indeed.com/viewjob?jk=8e4969b9c991b235
"Product Analyst, Performance",Pinterest,"San Francisco, CA",https://www.indeed.com/viewjob?jk=420ab892368d0450
Content Contributor: Deep Learning with TensorFlow,Codecademy,Remote,https://www.indeed.com/viewjob?jk=43f229fbf366647c
Software Engineer Intern (Python),Vectorworks Inc.,"Columbia, MD",https://www.indeed.com/viewjob?jk=6aef22bb767b60fc
Python Developer,Epsilon,"San Diego, CA",https://www.indeed.com/viewjob?jk=89a10a936d01a485
Developer - Python Django,Energy Sense Finance,"Tampa, FL",https://www.indeed.com/viewjob?jk=213f60ab30d8eece
Research Assistant / Research Associate,Woods Hole Oceanographic Institution,"Woods Hole, MA",https://www.indeed.com/viewjob?jk=8b1341615937268b
Data Scientist (Python),Siemens,"Orlando, FL",https://www.indeed.com/viewjob?jk=8fcb3533ab29566c
Data Science Assistant,Intelliloan,"Costa Mesa, CA",https://www.indeed.com/viewjob?jk=1547368f48693a11
Cyber Defense Intern,CyberTexas Foundation,"San Antonio, TX",https://www.indeed.com/viewjob?jk=13ec095563d02f01
Software Validation Engineer Job,AGCO,"Jackson, MN",https://www.indeed.com/viewjob?jk=8f471dcc7a492afe
Data Analyst,Wellth,"Los Angeles, CA",https://www.indeed.com/viewjob?jk=d0317a1cbccd5774
Software Engineer,Fritz,"Boston, MA",https://www.indeed.com/viewjob?jk=64f68ad243c7ed64
Junior Data Scientist,Charles Schwab Inc.,"Westlake, TX",https://www.indeed.com/viewjob?jk=5eb782b46fc62b58
NLP Engineer,IMMUNITY HEALTH,United States,https://www.indeed.com/viewjob?jk=fc102979e576bc81
Jr. QA Analyst Trainee,SQA²,"Los Alamitos, CA",https://www.indeed.com/viewjob?jk=55e6befe717828af
Data Science Assistant,Intelliloan,"Costa Mesa, CA",https://www.indeed.com/viewjob?jk=1547368f48693a11
Developer - Python Django,Energy Sense Finance,"Tampa, FL",https://www.indeed.com/viewjob?jk=213f60ab30d8eece
Application Security Consultant (Remote),HireVergence,"Sunnyvale, CA",https://www.indeed.com/viewjob?jk=cfeb1e947ef00071
Data Scientist (Python),Siemens,"Orlando, FL",https://www.indeed.com/viewjob?jk=8fcb3533ab29566c
Vision Machine Learning,BlinkAI Technologies,"Boston, MA",https://www.indeed.com/viewjob?jk=d8eac4ea873cd227
Python Developer,Cyber Chasse,United States,https://www.indeed.com/viewjob?jk=c8aaa182fdba1cdb
Developer Advocate - Bloomberg Quant Platform (BQuant),Bloomberg,"San Francisco, CA",https://www.indeed.com/viewjob?jk=00d2d78e10cb5ea4
Jr. Software Developer,CyraCom,United States,https://www.indeed.com/viewjob?jk=e0593aace2fc77f9
Data Scientist,Pearson,"Frankfort, KY",https://www.indeed.com/viewjob?jk=136a94ff10928e22
Remote Full Stack Python Web Developer (Contract),Workhuman,"Framingham, MA",https://www.indeed.com/viewjob?jk=d6f1dd9f98c21a55
Transport Strategy Associate,Indigo,Massachusetts,https://www.indeed.com/viewjob?jk=00daa49105550262
Cyber Defense Intern,CyberTexas Foundation,"San Antonio, TX",https://www.indeed.com/viewjob?jk=13ec095563d02f01
Linux System Engineer,EidosMedia,Remote,https://www.indeed.com/viewjob?jk=c7aed998976d1e40
talented backend engineers,DiscreetAI,"San Francisco, CA",https://www.indeed.com/viewjob?jk=e4c300bfb8cef649
Python Developer,Crunch.io,"Palo Alto, CA",https://www.indeed.com/viewjob?jk=4cc24bcb6fad6632
C# Developer,Grant Street Group,Remote,https://www.indeed.com/viewjob?jk=135f96ce736eb91b
Software Engineer,Fritz,"Boston, MA",https://www.indeed.com/viewjob?jk=64f68ad243c7ed64
Software Engineer,Dimagi,Massachusetts,https://www.indeed.com/viewjob?jk=4bcd3607dbb8b8f0
"Contract Tech Writer, software developer doc; $50/hr W2, flex-time, 100% remote.",Synergistech,United States,https://www.indeed.com/viewjob?jk=e5eea03ecaf26a9f
Data Analyst,The Trevor Project,"Los Angeles, CA",https://www.indeed.com/viewjob?jk=d2a2d859bb043a48
Python/SQL Developer,IDM People,"Township of Hamilton, NJ",https://www.indeed.com/viewjob?jk=967a405ee33c49d4
Software Engineering Manager,Wayfair,Remote,https://www.indeed.com/viewjob?jk=ec7034b703a3054d
Software Engineer - Product (Austin),Quora,Texas,https://www.indeed.com/viewjob?jk=8c98468c56e5af4f
Data Scientist (Coordinated Campaign),Democratic National Committee,Remote,https://www.indeed.com/viewjob?jk=8d8391f2b7ad9c38
Product Analyst,Game Insight,Remote,https://www.indeed.com/viewjob?jk=04f896b9be09f77a
Business Intelligence Analyst,"Forward Air Solutions, Inc.","Greeneville, TN",https://www.indeed.com/viewjob?jk=c5a094d70669557f
Python Developer,JPI,"Washington, DC",https://www.indeed.com/viewjob?jk=8aad776b5e4ea12c
Data Technician (Full- or Part-Time),Thasos Group,"New York, NY",https://www.indeed.com/viewjob?jk=da727c0cddda240e
Quantitative Trader,Quantlab,"New York, NY",https://www.indeed.com/viewjob?jk=49981135d7036d3f
Data Analyst Intern (6-month internship),Criteo,"Boston, MA",https://www.indeed.com/viewjob?jk=0c019e936e0bd411
Data Modeling Support (Part-Time),U.S. Environmental Protection Agency (EPA),"Research Triangle Park, NC",https://www.indeed.com/viewjob?jk=026d22c6e1e31a6a
DATA SCIENCE INTERNSHIP 2020,Atlas General Insurance Svcs,"San Diego, CA",https://www.indeed.com/viewjob?jk=b3bda113d042cb58
Frontend Engineer,Schrödinger,"New York, NY",https://www.indeed.com/viewjob?jk=89f2de13e6d302b1
Frontend Developer,"Aveshka, Inc.","Vienna, VA",https://www.indeed.com/viewjob?jk=8b0268851cf406f3
Pipeline Developer Internship,Epic Games,"Cary, NC",https://www.indeed.com/viewjob?jk=6c74e016ec8b5168
Content Contributor: Web Development with Wix,Codecademy,Remote,https://www.indeed.com/viewjob?jk=2157e8ad0e69ce99
Staff Scientist - Enzyme Engineering,Inscripta Inc,"Pleasanton, CA",https://www.indeed.com/viewjob?jk=e4903ec78bf0b58b
SoC Pre-Silicon Validation Intern - Undergrad,Intel,"Hudson, MA",https://www.indeed.com/viewjob?jk=2a21ec798d73f82b
Python Software Intern,Formlabs,"Somerville, MA",https://www.indeed.com/viewjob?jk=695fb61932354586
Engineering,RStudio,United States,https://www.indeed.com/viewjob?jk=f30a28ed7d8cf1fe
Software Engineer (Remote),GapJumpers,"San Francisco, CA",https://www.indeed.com/viewjob?jk=baaa8a0c1f573f17
Business Development Associate - Strategy Analytics,"Bainbridge, Inc.",Remote,https://www.indeed.com/viewjob?jk=fb947a3ca2a5c627
Economist,SESCO Enterprises,United States,https://www.indeed.com/viewjob?jk=723673e2ecc4b5c9
Associate Marketing Analyst,NEAR,"Berlin, NY",https://www.indeed.com/viewjob?jk=031ab1d3b77b81d0
Data Research Specialist,Wider Circle,"Redwood City, CA",https://www.indeed.com/viewjob?jk=2c9cdca50501d518
Data Analyst,Rutgers University,"New Brunswick, NJ",https://www.indeed.com/viewjob?jk=e25ef16f2183ef62
Python Developer – US,Perceptive Analytics,"Houston, TX",https://www.indeed.com/viewjob?jk=91b1d510b7398376
Software Engineer I,JB Hunt,"Lowell, AR",https://www.indeed.com/viewjob?jk=b4caa4d178364964
Staff Scientist - Enzyme Engineering,Inscripta Inc,"Pleasanton, CA",https://www.indeed.com/viewjob?jk=e4903ec78bf0b58b
Python Developer,JPI,"Washington, DC",https://www.indeed.com/viewjob?jk=8aad776b5e4ea12c
"Contract Tech Writer, software developer doc; $50/hr W2, flex-time, 100% remote.",Synergistech,United States,https://www.indeed.com/viewjob?jk=e5eea03ecaf26a9f
Content Contributor: Web Development with Wix,Codecademy,Remote,https://www.indeed.com/viewjob?jk=2157e8ad0e69ce99
Software Engineer - Product (Austin),Quora,Texas,https://www.indeed.com/viewjob?jk=8c98468c56e5af4f
Product Analyst,Game Insight,Remote,https://www.indeed.com/viewjob?jk=04f896b9be09f77a
Jr Software Engineer,"Aveshka, Inc.","Vienna, VA",https://www.indeed.com/viewjob?jk=66e8ef9f34b455f8
Content Contributor: JavaScript (React),Codecademy,Remote,https://www.indeed.com/viewjob?jk=bedc52cd17cc9740
Python Developer,Ericsson,"Austin, TX",https://www.indeed.com/viewjob?jk=b51b9028050937f1
Python developer (React),Ace-stack LLC,"Columbus, OH",https://www.indeed.com/viewjob?jk=e41f21ef47a75fee
Quantitative Researcher,DRW Trading Group,"Greenwich, CT",https://www.indeed.com/viewjob?jk=15a94ff5ccdda7cf
Quantitative Trader,Quantlab,"New York, NY",https://www.indeed.com/viewjob?jk=49981135d7036d3f
Python/C++ Developer,Medical Science & Computing,"Bethesda, MD",https://www.indeed.com/viewjob?jk=b5c5e4f6474663f3
SRE,Piper Companies,Remote,https://www.indeed.com/viewjob?jk=b2cfd9d4ba874661
"Software Engineer, Backend",,Remote,https://www.indeed.com/viewjob?jk=baddbb0189bde163
Associate Marketing Analyst,NEAR,"Berlin, NY",https://www.indeed.com/viewjob?jk=031ab1d3b77b81d0
Assistant Instructor,TechSmart Academy,California,https://www.indeed.com/viewjob?jk=9d378c04717688a9
Data Scientist,Imperfect Foods,Remote,https://www.indeed.com/viewjob?jk=5f2008986b0bc356
Quantitative Sports Researcher,Susquehanna International Group,"Philadelphia, PA",https://www.indeed.com/viewjob?jk=ac8905ce79238d20
Python/Django Developer,D-Tech,"Herndon, VA",https://www.indeed.com/viewjob?jk=5ba3cbc6c6cb54af
Python Developer,Frontend Arts,California,https://www.indeed.com/viewjob?jk=61738b1830df2712
Software Electrical Engineer (Validation) Job,AGCO,"Jackson, MN",https://www.indeed.com/viewjob?jk=ab9a8138cab6e817
Intern - Data Analyst,Gwinnett County,"Gwinnett County, GA",https://www.indeed.com/viewjob?jk=4fa16bd136dcfe6a
Quantitative Researcher,Altonomy,"New York, NY",https://www.indeed.com/viewjob?jk=2c391cb86e443661
Python Developer (Fullstack),Konviere Corporation,"Leawood, KS",https://www.indeed.com/viewjob?jk=213ef23aef1e09fd
Product Analyst,Fivetran,"Oakland, CA",https://www.indeed.com/viewjob?jk=4fbb66b4598a60fe
College Graduate Positions,"G3 Technologies, Inc.",United States,https://www.indeed.com/viewjob?jk=2466aa995796f7bc
Bioinformatics Intern (July 2020 - December 2020),Integrated DNA Technologies (IDT),"Coralville, IA",https://www.indeed.com/viewjob?jk=341c9f10c591f735
Computational Biology Scientist,Inscripta Inc,"Boulder, CO",https://www.indeed.com/viewjob?jk=6df2a83551401020
Business Intelligence Engineer,Pinterest,"San Francisco, CA",https://www.indeed.com/viewjob?jk=d9f2c43c30b042e4
Quantitative Researcher,Bridgefront Capital,"Austin, TX",https://www.indeed.com/viewjob?jk=2bc55c266df90304
Data Scientist,ValueLabs,United States,https://www.indeed.com/viewjob?jk=05d9a7e42a0d5f80
Machine Learning Research Engineer,Certilytics,Remote,https://www.indeed.com/viewjob?jk=02e6938c18e3a6f2
GIS Analyst,University of Idaho,"Moscow, ID",https://www.indeed.com/viewjob?jk=e7b214a439059526
Associate Computational Biologist I - Stanley Center Genetics,Broad Institute,"Cambridge, MA",https://www.indeed.com/viewjob?jk=fef63f2d2ddc50de
Dev Ops Engineer,Phantom Auto,"Mountain View, CA",https://www.indeed.com/viewjob?jk=b878da3dce617eca
Transport Strategy Associate,Indigo,Massachusetts,https://www.indeed.com/viewjob?jk=00daa49105550262
Technical Writer,Amazon.com Services LLC,United States,https://www.indeed.com/viewjob?jk=63b968186bfd7ff4
Quantitative Researcher,SEVEN EIGHT CAPITAL,"New York, NY",https://www.indeed.com/viewjob?jk=e2c13dac12042e37
"Software Engineer, Core Platform (100% Remote)",Moveworks.ai,Remote,https://www.indeed.com/viewjob?jk=f1758f62a2077f2d
Backend Developer with Python/PHP OR PHP Developer OR Python Developer,ARK Solutions,"Fremont, CA",https://www.indeed.com/viewjob?jk=f523ebe8f1e4440f
Software Developer Internship,Porsche Digital Inc.,"Palo Alto, CA",https://www.indeed.com/viewjob?jk=76ce92b2604702c7
International Data and Research Fellow,National Wildlife Federation,"Washington, DC",https://www.indeed.com/viewjob?jk=dacc6ec1f89f9095
Economist,SESCO Enterprises,United States,https://www.indeed.com/viewjob?jk=723673e2ecc4b5c9
Scientist I,Bristol-Myers Squibb,"Cambridge, MA",https://www.indeed.com/viewjob?jk=f9873c6fe3c5244c
PYTHON DEVELOPER,Nextshift,"Raritan, NJ",https://www.indeed.com/viewjob?jk=1ad4e031a54894fe
Front end UI Developer with Python,Ace-stack LLC,Virginia,https://www.indeed.com/viewjob?jk=43ccc8ec3d7cd94d
3D MODELER,Gradient Effects,"Los Angeles, CA",https://www.indeed.com/viewjob?jk=0eddc19b6d5c9629
Data Scientist (remote),Thrivent,"Austin, TX",https://www.indeed.com/viewjob?jk=31a260b8558c6356
Business Analyst I,NextEra Energy,"Miami, FL",https://www.indeed.com/viewjob?jk=6d196ad1d9b4aa1b
Data Scientist - Production Research,"RiceTec, Inc.","Alvin, TX",https://www.indeed.com/viewjob?jk=bddcb1faeb174b60
Programmer Analyst,UCLA,"Los Angeles, CA",https://www.indeed.com/viewjob?jk=a6046c90623ecf80
Engineering,RStudio,United States,https://www.indeed.com/viewjob?jk=f30a28ed7d8cf1fe
Senior Python Developer,"Artemis Consulting, Inc.","Washington, DC",https://www.indeed.com/viewjob?jk=35dd82f89d139ee0
Data Scientist,UnitedHealth Group,Minnesota,https://www.indeed.com/viewjob?jk=fb0f870051cd92b6
ASSISTANT VFX EDITOR,Gradient Effects,"Los Angeles, CA",https://www.indeed.com/viewjob?jk=6b66d5b66bc7c1ca
Data scientist,Avila Trading,"San Francisco, CA",https://www.indeed.com/viewjob?jk=cae371ba72637647
"SQA-Lafayette, IN-Capgemini",ASAP Solutions,"Lafayette, IN",https://www.indeed.com/viewjob?jk=2fb62a84be133437
Catastrophe Risk Analyst,Homesite Insurance,"Boston, MA",https://www.indeed.com/viewjob?jk=afc7426f5845791a
Deep Learning Engineer,UnitedHealth Group,"San Diego, CA",https://www.indeed.com/viewjob?jk=933b04cefe79d7a3
Subject Matter Expert: Deep Learning with TensorFlow,Codecademy,Remote,https://www.indeed.com/viewjob?jk=65b7587e94d54fee
"Bioinformatician, Associate",The Translational Genomics Research Institute,"Flagstaff, AZ",https://www.indeed.com/viewjob?jk=9620e37b2fc2cfc7
Python Developer,Anexinet,"King of Prussia, PA",https://www.indeed.com/viewjob?jk=08ca326acb107ae9
BI DEVELOPER,AlphaBOLD,California,https://www.indeed.com/viewjob?jk=da3bdc1ed8fc238e
Junior Manual QA Tester,"CGI Group, Inc.","Wausau, WI",https://www.indeed.com/viewjob?jk=6eb0cca68ee70094
Junior Data Scientist,PIÑATA SCIENCES,"Boston, MA",https://www.indeed.com/viewjob?jk=7ee6e4997258f140
"Data Scientist/Engineer (SAS, R code, Python & Sql (Open to remote Workers))",Medidata Solutions,"New York, NY",https://www.indeed.com/viewjob?jk=bb08d9d223361600
Technical Support Engineer - US (Pacific Time),Algolia,Remote,https://www.indeed.com/viewjob?jk=c15465c8c4bad20d
Freelance Web Developer,RedRover Sales & Marketing Strategy,"Memphis, TN",https://www.indeed.com/viewjob?jk=f16d5642f36de713
Odoo Developer,DRC Techno,United States,https://www.indeed.com/viewjob?jk=ed63a57e4936e638
Entry-Level Software/Firmware Developer,Futurex,"San Antonio, TX",https://www.indeed.com/viewjob?jk=dfec0534503fefa9
DATA ENGINEER APPRENTICE,Digital Creative Institute,"Job, WV",https://www.indeed.com/viewjob?jk=0db504d7cff55d50
Scientific Programmer,California Institute of Technology,"Pasadena, CA",https://www.indeed.com/viewjob?jk=11119e2be3137205
Python-Developers,Celandyne Software Solutions,"Santa Clara, CA",https://www.indeed.com/viewjob?jk=e004e922fdd74fe6
Business Intel Engineer,"PillPack, LLC","Seattle, WA",https://www.indeed.com/viewjob?jk=16a9cdd5ef908391
Java / Python Tutors,"SAM Consulting Services, Inc.","New York, NY",https://www.indeed.com/viewjob?jk=6dd414e5bf2653aa
Python Engineer (6 month Contract Position),"Audience, Inc.","Mountain View, CA",https://www.indeed.com/viewjob?jk=182adebedcac1907
Software Engineer - Python,Sigma Data Systems,"Sunnyvale, CA",https://www.indeed.com/viewjob?jk=1899da4d2d41635f
"Full Stack Software Engineer, Remote",Canary Technologies,Remote,https://www.indeed.com/viewjob?jk=42b7fc424289a17b
Autonomous Driving Test Engineer,Hyundai-Aptiv Autonomous Driving Joint Venture,"Boston, MA",https://www.indeed.com/viewjob?jk=bc65fd3cc857b71f
Back-end Engineer (Python),CartPilot.,"Chicago, IL",https://www.indeed.com/viewjob?jk=b4ac68e9141d6ba7
Python Developer - DevOps,E*TRADE,"Menlo Park, CA",https://www.indeed.com/viewjob?jk=42f196518ebc0352
Python Developer - Compliance,Hudson River Trading,"New York, NY",https://www.indeed.com/viewjob?jk=9f0873188786e7ab
"Statistical Geneticist, Sr.",Booz Allen Hamilton,"Boston, MA",https://www.indeed.com/viewjob?jk=b965c9cf38377333
Data Scientist,Incedo,United States,https://www.indeed.com/viewjob?jk=817dc3c0efe2be32
Python Grader - Training and Documentation Consultant,Bloomberg,"New York, NY",https://www.indeed.com/viewjob?jk=b3272ffb0ef42c75
Business Intelligence Engineer,Amazon.com Services LLC,"Santa Monica, CA",https://www.indeed.com/viewjob?jk=b1eabf9d834ebd9a
"Business Data Analyst (US-N) - 3339 - Westerville OH (Westerville, OH)",DHL,"Westerville, OH",https://www.indeed.com/viewjob?jk=e0cca0c8abaf9163
Python Software Engineer - Artificial Intelligence - Autonomous Driving,TuSimple,"San Diego, CA",https://www.indeed.com/viewjob?jk=f579647ba36ad6e0
Python Developer,TRI SOLUTIONS,"Austin, TX",https://www.indeed.com/viewjob?jk=693bbb24d9dfc88c
GIS Analyst,"City of Houston, TX","Houston, TX",https://www.indeed.com/viewjob?jk=18247fe996d077d1
Aero-Thermal Engineering Intern,Danfoss,"Tallahassee, FL",https://www.indeed.com/viewjob?jk=d0f56598e19e3678
Developer Intern,Logicdrop,"Ferndale, MI",https://www.indeed.com/viewjob?jk=7ebc40115366ba57
Threat Research Analyst,RiskIQ,"San Francisco, CA",https://www.indeed.com/viewjob?jk=fa70617cbe26fdde
GIS Intern - Fall 2020,Defenders of Wildlife,Remote,https://www.indeed.com/viewjob?jk=399801cb3485c3cc
Backend Software Engineer (Python/Django),ixlayer,"San Francisco, CA",https://www.indeed.com/viewjob?jk=72b5bc8e21a7b513
Junior Web Developer,HealPay,"Ann Arbor, MI",https://www.indeed.com/viewjob?jk=a89ebfca6edf6d99
Researcher,Blue Owl,"San Francisco, CA",https://www.indeed.com/viewjob?jk=a43525452007febf
Software Engineering Extern,Triplebyte,"San Francisco, CA",https://www.indeed.com/viewjob?jk=134044889594c088
DreamWorks TV - Character TD,NBCUniversal,"Glendale, CA",https://www.indeed.com/viewjob?jk=68bef135c6e396ac
